Workbook

Sheet Config
A1: GAME BALANCE — TUNABLE CONFIG
A2: Sari hucreleri degistir -> diger sayfalar otomatik hesaplar (onizleme).
A3: OYUNA AKTARMA: bu sayfayi CSV kaydet -> proje kokune 'balance_global.csv' | Enemies sayfasini -> 'balance_enemies.csv' | Unity: Tools > Balance > Import ALL from CSV.
A5: XP & LEVEL SYSTEM (XPSystem.cs)
A6: baseXPRequired | B6: 140 | C6: Level 1->2 icin gereken XP. XPRequired(L)=base * mult^(L-1)
A7: xpMultiplier | B7: 1.3 | C7: Her level XP ihtiyacini bu kadar buyutur. 1.15 = %15 artis
A9: PLAYER BASE STATS (SCharacterStats.cs)
A10: baseMaxHealth | B10: 100 | C10: Level 1 can
A11: baseDamage | B11: 10 | C11: Level 1 hasar (yakin dovus)
A12: baseSpeed | B12: 5 | C12: Hareket hizi
A13: baseDefense | B13: 0
A14: baseCritChance | B14: 0.05 | C14: Kritik sansi (0.05 = %5)
A16: PLAYER LEVEL-UP GAINS (SCharacterStats.HandleLevelUp)
A17: healthIncreasePerLevel | B17: 8 | C17: !! HER level-up'ta: +healthIncreasePerLevel * yeniLevel HP. Level'le KATLANARAK buyur.
A18: damageIncreasePerLevel | B18: 2.5 | C18: !! HER level-up'ta: +damageIncreasePerLevel * yeniLevel hasar.
A20: WAVE SPAWNING (EnemySpawner, nav.unity)
A21: baseEnemyCount | B21: 3 | C21: 1. dalgadaki dusman sayisi
A22: countIncrement | B22: 1 | C22: Her dalga +bu kadar dusman
A23: maxWaveEnemyCount | B23: 15 | C23: Bir dalgada max dusman (ust sinir)
A24: spawnRadius | B24: 40 | C24: Dusmanlar player'dan bu uzaklikta spawn olur
A25: spawnInterval | B25: 0.4 | C25: Ayni dalgada dusmanlar arasi spawn araligi (sn)
A26: waveCooldown | B26: 8 | C26: Dalga temizlenince sonraki dalgaya kadar bekleme (sn)
A27: startupDelay | B27: 7 | C27: Oyun basi ilk dalgaya kadar bekleme (sn)
A29: ABILITY COOLDOWN SCALING (AbilityController.cs)
A30: abilityCDLevelFactor | B30: 0.05 | C30: effectiveCD = Cooldown / (1 + factor*level). 0.05 = level 10'da CD ~%33 daha kisa
A32: META / CATCH-UP (EnemySpawner.Start, SaveSystem)
A33: catchUpEnabled | B33: 1 | C33: 1=acik. Yeni run BestWave dalgasindan + BestPlayerLevel seviyesinden baslar (stat bonuslari toplu uygulanir)

Sheet XP & Levels
A1: XP CURVE & LEVELING SPEED
A2: Referans dusman XP: taban degerler (BasicEnemy=15). 'Kills to level' = bu levelde 1 level atlamak icin gereken basic-enemy oldurme.
A4: Level | B4: XP for THIS level-up | C4: Cumulative XP (to reach) | D4: Kills @15xp | E4: Kills @30xp | F4: Waves to clear (~3.5 enemy/wave)
A5: 1 | B5: =ROUND(Config!$B$6*Config!$B$7^(1-1),0) | C5: 0 | D5: =ROUNDUP(B5/15,0) | E5: =ROUNDUP(B5/30,0) | F5: =ROUND(D5/3.5,1)
A6: 2 | B6: =ROUND(Config!$B$6*Config!$B$7^(2-1),0) | C6: =C5+B5 | D6: =ROUNDUP(B6/15,0) | E6: =ROUNDUP(B6/30,0) | F6: =ROUND(D6/3.5,1)
A7: 3 | B7: =ROUND(Config!$B$6*Config!$B$7^(3-1),0) | C7: =C6+B6 | D7: =ROUNDUP(B7/15,0) | E7: =ROUNDUP(B7/30,0) | F7: =ROUND(D7/3.5,1)
A8: 4 | B8: =ROUND(Config!$B$6*Config!$B$7^(4-1),0) | C8: =C7+B7 | D8: =ROUNDUP(B8/15,0) | E8: =ROUNDUP(B8/30,0) | F8: =ROUND(D8/3.5,1)
A9: 5 | B9: =ROUND(Config!$B$6*Config!$B$7^(5-1),0) | C9: =C8+B8 | D9: =ROUNDUP(B9/15,0) | E9: =ROUNDUP(B9/30,0) | F9: =ROUND(D9/3.5,1)
A10: 6 | B10: =ROUND(Config!$B$6*Config!$B$7^(6-1),0) | C10: =C9+B9 | D10: =ROUNDUP(B10/15,0) | E10: =ROUNDUP(B10/30,0) | F10: =ROUND(D10/3.5,1)
A11: 7 | B11: =ROUND(Config!$B$6*Config!$B$7^(7-1),0) | C11: =C10+B10 | D11: =ROUNDUP(B11/15,0) | E11: =ROUNDUP(B11/30,0) | F11: =ROUND(D11/3.5,1)
A12: 8 | B12: =ROUND(Config!$B$6*Config!$B$7^(8-1),0) | C12: =C11+B11 | D12: =ROUNDUP(B12/15,0) | E12: =ROUNDUP(B12/30,0) | F12: =ROUND(D12/3.5,1)
A13: 9 | B13: =ROUND(Config!$B$6*Config!$B$7^(9-1),0) | C13: =C12+B12 | D13: =ROUNDUP(B13/15,0) | E13: =ROUNDUP(B13/30,0) | F13: =ROUND(D13/3.5,1)
A14: 10 | B14: =ROUND(Config!$B$6*Config!$B$7^(10-1),0) | C14: =C13+B13 | D14: =ROUNDUP(B14/15,0) | E14: =ROUNDUP(B14/30,0) | F14: =ROUND(D14/3.5,1)
A15: 11 | B15: =ROUND(Config!$B$6*Config!$B$7^(11-1),0) | C15: =C14+B14 | D15: =ROUNDUP(B15/15,0) | E15: =ROUNDUP(B15/30,0) | F15: =ROUND(D15/3.5,1)
A16: 12 | B16: =ROUND(Config!$B$6*Config!$B$7^(12-1),0) | C16: =C15+B15 | D16: =ROUNDUP(B16/15,0) | E16: =ROUNDUP(B16/30,0) | F16: =ROUND(D16/3.5,1)
A17: 13 | B17: =ROUND(Config!$B$6*Config!$B$7^(13-1),0) | C17: =C16+B16 | D17: =ROUNDUP(B17/15,0) | E17: =ROUNDUP(B17/30,0) | F17: =ROUND(D17/3.5,1)
A18: 14 | B18: =ROUND(Config!$B$6*Config!$B$7^(14-1),0) | C18: =C17+B17 | D18: =ROUNDUP(B18/15,0) | E18: =ROUNDUP(B18/30,0) | F18: =ROUND(D18/3.5,1)
A19: 15 | B19: =ROUND(Config!$B$6*Config!$B$7^(15-1),0) | C19: =C18+B18 | D19: =ROUNDUP(B19/15,0) | E19: =ROUNDUP(B19/30,0) | F19: =ROUND(D19/3.5,1)
A20: 16 | B20: =ROUND(Config!$B$6*Config!$B$7^(16-1),0) | C20: =C19+B19 | D20: =ROUNDUP(B20/15,0) | E20: =ROUNDUP(B20/30,0) | F20: =ROUND(D20/3.5,1)
A21: 17 | B21: =ROUND(Config!$B$6*Config!$B$7^(17-1),0) | C21: =C20+B20 | D21: =ROUNDUP(B21/15,0) | E21: =ROUNDUP(B21/30,0) | F21: =ROUND(D21/3.5,1)
A22: 18 | B22: =ROUND(Config!$B$6*Config!$B$7^(18-1),0) | C22: =C21+B21 | D22: =ROUNDUP(B22/15,0) | E22: =ROUNDUP(B22/30,0) | F22: =ROUND(D22/3.5,1)
A23: 19 | B23: =ROUND(Config!$B$6*Config!$B$7^(19-1),0) | C23: =C22+B22 | D23: =ROUNDUP(B23/15,0) | E23: =ROUNDUP(B23/30,0) | F23: =ROUND(D23/3.5,1)
A24: 20 | B24: =ROUND(Config!$B$6*Config!$B$7^(20-1),0) | C24: =C23+B23 | D24: =ROUNDUP(B24/15,0) | E24: =ROUNDUP(B24/30,0) | F24: =ROUND(D24/3.5,1)
A25: 21 | B25: =ROUND(Config!$B$6*Config!$B$7^(21-1),0) | C25: =C24+B24 | D25: =ROUNDUP(B25/15,0) | E25: =ROUNDUP(B25/30,0) | F25: =ROUND(D25/3.5,1)
A26: 22 | B26: =ROUND(Config!$B$6*Config!$B$7^(22-1),0) | C26: =C25+B25 | D26: =ROUNDUP(B26/15,0) | E26: =ROUNDUP(B26/30,0) | F26: =ROUND(D26/3.5,1)
A27: 23 | B27: =ROUND(Config!$B$6*Config!$B$7^(23-1),0) | C27: =C26+B26 | D27: =ROUNDUP(B27/15,0) | E27: =ROUNDUP(B27/30,0) | F27: =ROUND(D27/3.5,1)
A28: 24 | B28: =ROUND(Config!$B$6*Config!$B$7^(24-1),0) | C28: =C27+B27 | D28: =ROUNDUP(B28/15,0) | E28: =ROUNDUP(B28/30,0) | F28: =ROUND(D28/3.5,1)
A29: 25 | B29: =ROUND(Config!$B$6*Config!$B$7^(25-1),0) | C29: =C28+B28 | D29: =ROUNDUP(B29/15,0) | E29: =ROUNDUP(B29/30,0) | F29: =ROUND(D29/3.5,1)
A30: 26 | B30: =ROUND(Config!$B$6*Config!$B$7^(26-1),0) | C30: =C29+B29 | D30: =ROUNDUP(B30/15,0) | E30: =ROUNDUP(B30/30,0) | F30: =ROUND(D30/3.5,1)
A31: 27 | B31: =ROUND(Config!$B$6*Config!$B$7^(27-1),0) | C31: =C30+B30 | D31: =ROUNDUP(B31/15,0) | E31: =ROUNDUP(B31/30,0) | F31: =ROUND(D31/3.5,1)
A32: 28 | B32: =ROUND(Config!$B$6*Config!$B$7^(28-1),0) | C32: =C31+B31 | D32: =ROUNDUP(B32/15,0) | E32: =ROUNDUP(B32/30,0) | F32: =ROUND(D32/3.5,1)
A33: 29 | B33: =ROUND(Config!$B$6*Config!$B$7^(29-1),0) | C33: =C32+B32 | D33: =ROUNDUP(B33/15,0) | E33: =ROUNDUP(B33/30,0) | F33: =ROUND(D33/3.5,1)
A34: 30 | B34: =ROUND(Config!$B$6*Config!$B$7^(30-1),0) | C34: =C33+B33 | D34: =ROUNDUP(B34/15,0) | E34: =ROUNDUP(B34/30,0) | F34: =ROUND(D34/3.5,1)

Sheet Player Progression
A1: PLAYER STAT GROWTH PER LEVEL
A2: HandleLevelUp: her level N'de +healthIncreasePerLevel*N HP ve +damageIncreasePerLevel*N hasar. Level'le KATLANIR.
A3: 'Catch-up toplam' = ApplyCatchUpLevels: bu levele DOGRUDAN sicratilirsa (yeni run) toplam bonus.
A5: Level | B5: HP gain THIS level | C5: Max HP (cumulative) | D5: x base HP | E5: DMG gain THIS level | F5: Damage (cumulative) | G5: x base DMG
A6: 1 | B6: 0 | C6: =Config!$B$10 | D6: =C6/Config!$B$10 | E6: 0 | F6: =Config!$B$11 | G6: =F6/Config!$B$11
A7: 2 | B7: =Config!$B$17*2 | C7: =C6+B7 | D7: =C7/Config!$B$10 | E7: =Config!$B$18*2 | F7: =F6+E7 | G7: =F7/Config!$B$11
A8: 3 | B8: =Config!$B$17*3 | C8: =C7+B8 | D8: =C8/Config!$B$10 | E8: =Config!$B$18*3 | F8: =F7+E8 | G8: =F8/Config!$B$11
A9: 4 | B9: =Config!$B$17*4 | C9: =C8+B9 | D9: =C9/Config!$B$10 | E9: =Config!$B$18*4 | F9: =F8+E9 | G9: =F9/Config!$B$11
A10: 5 | B10: =Config!$B$17*5 | C10: =C9+B10 | D10: =C10/Config!$B$10 | E10: =Config!$B$18*5 | F10: =F9+E10 | G10: =F10/Config!$B$11
A11: 6 | B11: =Config!$B$17*6 | C11: =C10+B11 | D11: =C11/Config!$B$10 | E11: =Config!$B$18*6 | F11: =F10+E11 | G11: =F11/Config!$B$11
A12: 7 | B12: =Config!$B$17*7 | C12: =C11+B12 | D12: =C12/Config!$B$10 | E12: =Config!$B$18*7 | F12: =F11+E12 | G12: =F12/Config!$B$11
A13: 8 | B13: =Config!$B$17*8 | C13: =C12+B13 | D13: =C13/Config!$B$10 | E13: =Config!$B$18*8 | F13: =F12+E13 | G13: =F13/Config!$B$11
A14: 9 | B14: =Config!$B$17*9 | C14: =C13+B14 | D14: =C14/Config!$B$10 | E14: =Config!$B$18*9 | F14: =F13+E14 | G14: =F14/Config!$B$11
A15: 10 | B15: =Config!$B$17*10 | C15: =C14+B15 | D15: =C15/Config!$B$10 | E15: =Config!$B$18*10 | F15: =F14+E15 | G15: =F15/Config!$B$11
A16: 11 | B16: =Config!$B$17*11 | C16: =C15+B16 | D16: =C16/Config!$B$10 | E16: =Config!$B$18*11 | F16: =F15+E16 | G16: =F16/Config!$B$11
A17: 12 | B17: =Config!$B$17*12 | C17: =C16+B17 | D17: =C17/Config!$B$10 | E17: =Config!$B$18*12 | F17: =F16+E17 | G17: =F17/Config!$B$11
A18: 13 | B18: =Config!$B$17*13 | C18: =C17+B18 | D18: =C18/Config!$B$10 | E18: =Config!$B$18*13 | F18: =F17+E18 | G18: =F18/Config!$B$11
A19: 14 | B19: =Config!$B$17*14 | C19: =C18+B19 | D19: =C19/Config!$B$10 | E19: =Config!$B$18*14 | F19: =F18+E19 | G19: =F19/Config!$B$11
A20: 15 | B20: =Config!$B$17*15 | C20: =C19+B20 | D20: =C20/Config!$B$10 | E20: =Config!$B$18*15 | F20: =F19+E20 | G20: =F20/Config!$B$11
A21: 16 | B21: =Config!$B$17*16 | C21: =C20+B21 | D21: =C21/Config!$B$10 | E21: =Config!$B$18*16 | F21: =F20+E21 | G21: =F21/Config!$B$11
A22: 17 | B22: =Config!$B$17*17 | C22: =C21+B22 | D22: =C22/Config!$B$10 | E22: =Config!$B$18*17 | F22: =F21+E22 | G22: =F22/Config!$B$11
A23: 18 | B23: =Config!$B$17*18 | C23: =C22+B23 | D23: =C23/Config!$B$10 | E23: =Config!$B$18*18 | F23: =F22+E23 | G23: =F23/Config!$B$11
A24: 19 | B24: =Config!$B$17*19 | C24: =C23+B24 | D24: =C24/Config!$B$10 | E24: =Config!$B$18*19 | F24: =F23+E24 | G24: =F24/Config!$B$11
A25: 20 | B25: =Config!$B$17*20 | C25: =C24+B25 | D25: =C25/Config!$B$10 | E25: =Config!$B$18*20 | F25: =F24+E25 | G25: =F25/Config!$B$11
A26: 21 | B26: =Config!$B$17*21 | C26: =C25+B26 | D26: =C26/Config!$B$10 | E26: =Config!$B$18*21 | F26: =F25+E26 | G26: =F26/Config!$B$11
A27: 22 | B27: =Config!$B$17*22 | C27: =C26+B27 | D27: =C27/Config!$B$10 | E27: =Config!$B$18*22 | F27: =F26+E27 | G27: =F27/Config!$B$11
A28: 23 | B28: =Config!$B$17*23 | C28: =C27+B28 | D28: =C28/Config!$B$10 | E28: =Config!$B$18*23 | F28: =F27+E28 | G28: =F28/Config!$B$11
A29: 24 | B29: =Config!$B$17*24 | C29: =C28+B29 | D29: =C29/Config!$B$10 | E29: =Config!$B$18*24 | F29: =F28+E29 | G29: =F29/Config!$B$11
A30: 25 | B30: =Config!$B$17*25 | C30: =C29+B30 | D30: =C30/Config!$B$10 | E30: =Config!$B$18*25 | F30: =F29+E30 | G30: =F30/Config!$B$11
A31: 26 | B31: =Config!$B$17*26 | C31: =C30+B31 | D31: =C31/Config!$B$10 | E31: =Config!$B$18*26 | F31: =F30+E31 | G31: =F31/Config!$B$11
A32: 27 | B32: =Config!$B$17*27 | C32: =C31+B32 | D32: =C32/Config!$B$10 | E32: =Config!$B$18*27 | F32: =F31+E32 | G32: =F32/Config!$B$11
A33: 28 | B33: =Config!$B$17*28 | C33: =C32+B33 | D33: =C33/Config!$B$10 | E33: =Config!$B$18*28 | F33: =F32+E33 | G33: =F33/Config!$B$11
A34: 29 | B34: =Config!$B$17*29 | C34: =C33+B34 | D34: =C34/Config!$B$10 | E34: =Config!$B$18*29 | F34: =F33+E34 | G34: =F34/Config!$B$11
A35: 30 | B35: =Config!$B$17*30 | C35: =C34+B35 | D35: =C35/Config!$B$10 | E35: =Config!$B$18*30 | F35: =F34+E35 | G35: =F35/Config!$B$11

Sheet Enemies
A1: ENEMY TYPES
A2: !! ONEMLI: Enemy CAN'i EnemyDataSO'dan DEGIL, prefabin kendi SCharacterStats'indan geliyor - ve DALGAYLA HIC OLCEKLENMIYOR (ScaleHealth() kodda hic cagrilmiyor). Sadece Melee-hasar ve XP dalgayla buyur.
A4: Stat (EnemyDataSO alani) | B4: BasicEnemy | C4: BomberSkeleton | D4: Aciklama
A5: BaseHealth | B5: 100 | C5: 160 | D5: Taban can (dalga 1). EnemyAI bunu HealthScalePerWave ile carpar.
A6: HealthScalePerWave | B6: 1.07 | C6: 1.07 | D6: Can carpani / dalga. w15 ~2.6x, w30 ~7.6x.
A7: BaseSpeed | B7: 3.5 | C7: 1 | D7: NavMeshAgent hizi. Bomber cok yavas (tank).
A8: BaseDamage | B8: 8 | C8: 10 | D8: Melee taban hasar (dalga 1)
A9: DamageScalePerWave | B9: 1.06 | C9: 1.06 | D9: Melee hasar carpani / dalga
A10: BaseXP | B10: 15 | C10: 30 | D10: Oldurulunce verilen XP (dalga 1). Bomber 2x.
A11: XPScalePerWave | B11: 1.05 | C11: 1.05 | D11: XP carpani / dalga
A12: AttackRange | B12: 1.5 | C12: 1.5 | D12: Menzil
A13: AttackCooldown | B13: 1.2 | C13: 1.2 | D13: Saldiri araligi (sn)
A14: MinWave | B14: 1 | C14: 1 | D14: Havuza girdigi dalga
A15: MinPlayerLevel | B15: 1 | C15: 4 | D15: Bomber sadece oyuncu XP Lv >= 4 iken cikar
A16: SpawnWeight | B16: 1 | C16: 0.3 | D16: Secilme agirligi. Bomber ~%23
... A22: DeathFreezeDuration | B22: 0.7 | C22: 0.35 | D22: Olum aninda kisa donma
A24: DALGAYLA OLCEKLENEN DEGERLER
A25: Wave | B25: Basic HP | C25: Basic DMG | D25: Basic XP | E25: Bomber HP | F25: Bomber DMG | G25: Bomber XP
A26: 1 | B26: =ROUND(Enemies!$B$5*Enemies!$B$6^(1-1),0) | C26: =ROUND(Enemies!$B$8*Enemies!$B$9^(1-1),1) | D26: =ROUND(Enemies!$B$10*Enemies!$B$11^(1-1),0) | E26: =ROUND(Enemies!$C$5*Enemies!$C$6^(1-1),0) | F26: =ROUND(Enemies!$C$8*Enemies!$C$9^(1-1),1) | G26: =ROUND(Enemies!$C$10*Enemies!$C$11^(1-1),0)
A27: 5 | B27: =ROUND(Enemies!$B$5*Enemies!$B$6^(5-1),0) | C27: =ROUND(Enemies!$B$8*Enemies!$B$9^(5-1),1) | D27: =ROUND(Enemies!$B$10*Enemies!$B$11^(5-1),0) | E27: =ROUND(Enemies!$C$5*Enemies!$C$6^(5-1),0) | F27: =ROUND(Enemies!$C$8*Enemies!$C$9^(5-1),1) | G27: =ROUND(Enemies!$C$10*Enemies!$C$11^(5-1),0)
A28: 10 | B28: =ROUND(Enemies!$B$5*Enemies!$B$6^(10-1),0) | C28: =ROUND(Enemies!$B$8*Enemies!$B$9^(10-1),1) | D28: =ROUND(Enemies!$B$10*Enemies!$B$11^(10-1),0) | E28: =ROUND(Enemies!$C$5*Enemies!$C$6^(10-1),0) | F28: =ROUND(Enemies!$C$8*Enemies!$C$9^(10-1),1) | G28: =ROUND(Enemies!$C$10*Enemies!$C$11^(10-1),0)
A29: 15 | B29: =ROUND(Enemies!$B$5*Enemies!$B$6^(15-1),0) | C29: =ROUND(Enemies!$B$8*Enemies!$B$9^(15-1),1) | D29: =ROUND(Enemies!$B$10*Enemies!$B$11^(15-1),0) | E29: =ROUND(Enemies!$C$5*Enemies!$C$6^(15-1),0) | F29: =ROUND(Enemies!$C$8*Enemies!$C$9^(15-1),1) | G29: =ROUND(Enemies!$C$10*Enemies!$C$11^(15-1),0)
A30: 20 | B30: =ROUND(Enemies!$B$5*Enemies!$B$6^(20-1),0) | C30: =ROUND(Enemies!$B$8*Enemies!$B$9^(20-1),1) | D30: =ROUND(Enemies!$B$10*Enemies!$B$11^(20-1),0) | E30: =ROUND(Enemies!$C$5*Enemies!$C$6^(20-1),0) | F30: =ROUND(Enemies!$C$8*Enemies!$C$9^(20-1),1) | G30: =ROUND(Enemies!$C$10*Enemies!$C$11^(20-1),0)
A31: 25 | B31: =ROUND(Enemies!$B$5*Enemies!$B$6^(25-1),0) | C31: =ROUND(Enemies!$B$8*Enemies!$B$9^(25-1),1) | D31: =ROUND(Enemies!$B$10*Enemies!$B$11^(25-1),0) | E31: =ROUND(Enemies!$C$5*Enemies!$C$6^(25-1),0) | F31: =ROUND(Enemies!$C$8*Enemies!$C$9^(25-1),1) | G31: =ROUND(Enemies!$C$10*Enemies!$C$11^(25-1),0)
A32: 30 | B32: =ROUND(Enemies!$B$5*Enemies!$B$6^(30-1),0) | C32: =ROUND(Enemies!$B$8*Enemies!$B$9^(30-1),1) | D32: =ROUND(Enemies!$B$10*Enemies!$B$11^(30-1),0) | E32: =ROUND(Enemies!$C$5*Enemies!$C$6^(30-1),0) | F32: =ROUND(Enemies!$C$8*Enemies!$C$9^(30-1),1) | G32: =ROUND(Enemies!$C$10*Enemies!$C$11^(30-1),0)

Sheet Waves
A1: WAVE COMPOSITION & PACING
A2: count(wave) = MIN(baseEnemyCount + (wave-1)*countIncrement, maxWaveEnemyCount)
A4: Wave | B4: Enemy count | C4: Spawn time (count*interval) | D4: Total wave XP (basic, scaled) | E4: Cumulative XP from waves
A5: 1 | B5: =MIN(Config!$B$21+(1-1)*Config!$B$22,Config!$B$23) | C5: =B5*Config!$B$25 | D5: =B5*ROUND(Enemies!$B$10*Enemies!$B$11^(1-1),0) | E5: =D5
A6: 2 | B6: =MIN(Config!$B$21+(2-1)*Config!$B$22,Config!$B$23) | C6: =B6*Config!$B$25 | D6: =B6*ROUND(Enemies!$B$10*Enemies!$B$11^(2-1),0) | E6: =E5+D6
A7: 3 | B7: =MIN(Config!$B$21+(3-1)*Config!$B$22,Config!$B$23) | C7: =B7*Config!$B$25 | D7: =B7*ROUND(Enemies!$B$10*Enemies!$B$11^(3-1),0) | E7: =E6+D7
A8: 4 | B8: =MIN(Config!$B$21+(4-1)*Config!$B$22,Config!$B$23) | C8: =B8*Config!$B$25 | D8: =B8*ROUND(Enemies!$B$10*Enemies!$B$11^(4-1),0) | E8: =E7+D8
A9: 5 | B9: =MIN(Config!$B$21+(5-1)*Config!$B$22,Config!$B$23) | C9: =B9*Config!$B$25 | D9: =B9*ROUND(Enemies!$B$10*Enemies!$B$11^(5-1),0) | E9: =E8+D9
A10: 6 | B10: =MIN(Config!$B$21+(6-1)*Config!$B$22,Config!$B$23) | C10: =B10*Config!$B$25 | D10: =B10*ROUND(Enemies!$B$10*Enemies!$B$11^(6-1),0) | E10: =E9+D10
A11: 7 | B11: =MIN(Config!$B$21+(7-1)*Config!$B$22,Config!$B$23) | C11: =B11*Config!$B$25 | D11: =B11*ROUND(Enemies!$B$10*Enemies!$B$11^(7-1),0) | E11: =E10+D11
A12: 8 | B12: =MIN(Config!$B$21+(8-1)*Config!$B$22,Config!$B$23) | C12: =B12*Config!$B$25 | D12: =B12*ROUND(Enemies!$B$10*Enemies!$B$11^(8-1),0) | E12: =E11+D12
A13: 9 | B13: =MIN(Config!$B$21+(9-1)*Config!$B$22,Config!$B$23) | C13: =B13*Config!$B$25 | D13: =B13*ROUND(Enemies!$B$10*Enemies!$B$11^(9-1),0) | E13: =E12+D13
A14: 10 | B14: =MIN(Config!$B$21+(10-1)*Config!$B$22,Config!$B$23) | C14: =B14*Config!$B$25 | D14: =B14*ROUND(Enemies!$B$10*Enemies!$B$11^(10-1),0) | E14: =E13+D14
A15: 11 | B15: =MIN(Config!$B$21+(11-1)*Config!$B$22,Config!$B$23) | C15: =B15*Config!$B$25 | D15: =B15*ROUND(Enemies!$B$10*Enemies!$B$11^(11-1),0) | E15: =E14+D15
A16: 12 | B16: =MIN(Config!$B$21+(12-1)*Config!$B$22,Config!$B$23) | C16: =B16*Config!$B$25 | D16: =B16*ROUND(Enemies!$B$10*Enemies!$B$11^(12-1),0) | E16: =E15+D16
A17: 13 | B17: =MIN(Config!$B$21+(13-1)*Config!$B$22,Config!$B$23) | C17: =B17*Config!$B$25 | D17: =B17*ROUND(Enemies!$B$10*Enemies!$B$11^(13-1),0) | E17: =E16+D17
A18: 14 | B18: =MIN(Config!$B$21+(14-1)*Config!$B$22,Config!$B$23) | C18: =B18*Config!$B$25 | D18: =B18*ROUND(Enemies!$B$10*Enemies!$B$11^(14-1),0) | E18: =E17+D18
A19: 15 | B19: =MIN(Config!$B$21+(15-1)*Config!$B$22,Config!$B$23) | C19: =B19*Config!$B$25 | D19: =B19*ROUND(Enemies!$B$10*Enemies!$B$11^(15-1),0) | E19: =E18+D19
A20: 16 | B20: =MIN(Config!$B$21+(16-1)*Config!$B$22,Config!$B$23) | C20: =B20*Config!$B$25 | D20: =B20*ROUND(Enemies!$B$10*Enemies!$B$11^(16-1),0) | E20: =E19+D20
A21: 17 | B21: =MIN(Config!$B$21+(17-1)*Config!$B$22,Config!$B$23) | C21: =B21*Config!$B$25 | D21: =B21*ROUND(Enemies!$B$10*Enemies!$B$11^(17-1),0) | E21: =E20+D21
A22: 18 | B22: =MIN(Config!$B$21+(18-1)*Config!$B$22,Config!$B$23) | C22: =B22*Config!$B$25 | D22: =B22*ROUND(Enemies!$B$10*Enemies!$B$11^(18-1),0) | E22: =E21+D22
A23: 19 | B23: =MIN(Config!$B$21+(19-1)*Config!$B$22,Config!$B$23) | C23: =B23*Config!$B$25 | D23: =B23*ROUND(Enemies!$B$10*Enemies!$B$11^(19-1),0) | E23: =E22+D23
A24: 20 | B24: =MIN(Config!$B$21+(20-1)*Config!$B$22,Config!$B$23) | C24: =B24*Config!$B$25 | D24: =B24*ROUND(Enemies!$B$10*Enemies!$B$11^(20-1),0) | E24: =E23+D24
A25: 21 | B25: =MIN(Config!$B$21+(21-1)*Config!$B$22,Config!$B$23) | C25: =B25*Config!$B$25 | D25: =B25*ROUND(Enemies!$B$10*Enemies!$B$11^(21-1),0) | E25: =E24+D25
A26: 22 | B26: =MIN(Config!$B$21+(22-1)*Config!$B$22,Config!$B$23) | C26: =B26*Config!$B$25 | D26: =B26*ROUND(Enemies!$B$10*Enemies!$B$11^(22-1),0) | E26: =E25+D26
A27: 23 | B27: =MIN(Config!$B$21+(23-1)*Config!$B$22,Config!$B$23) | C27: =B27*Config!$B$25 | D27: =B27*ROUND(Enemies!$B$10*Enemies!$B$11^(23-1),0) | E27: =E26+D27
A28: 24 | B28: =MIN(Config!$B$21+(24-1)*Config!$B$22,Config!$B$23) | C28: =B28*Config!$B$25 | D28: =B28*ROUND(Enemies!$B$10*Enemies!$B$11^(24-1),0) | E28: =E27+D28
A29: 25 | B29: =MIN(Config!$B$21+(25-1)*Config!$B$22,Config!$B$23) | C29: =B29*Config!$B$25 | D29: =B29*ROUND(Enemies!$B$10*Enemies!$B$11^(25-1),0) | E29: =E28+D29
A30: 26 | B30: =MIN(Config!$B$21+(26-1)*Config!$B$22,Config!$B$23) | C30: =B30*Config!$B$25 | D30: =B30*ROUND(Enemies!$B$10*Enemies!$B$11^(26-1),0) | E30: =E29+D30
A31: 27 | B31: =MIN(Config!$B$21+(27-1)*Config!$B$22,Config!$B$23) | C31: =B31*Config!$B$25 | D31: =B31*ROUND(Enemies!$B$10*Enemies!$B$11^(27-1),0) | E31: =E30+D31
A32: 28 | B32: =MIN(Config!$B$21+(28-1)*Config!$B$22,Config!$B$23) | C32: =B32*Config!$B$25 | D32: =B32*ROUND(Enemies!$B$10*Enemies!$B$11^(28-1),0) | E32: =E31+D32
A33: 29 | B33: =MIN(Config!$B$21+(29-1)*Config!$B$22,Config!$B$23) | C33: =B33*Config!$B$25 | D33: =B33*ROUND(Enemies!$B$10*Enemies!$B$11^(29-1),0) | E33: =E32+D33
A34: 30 | B34: =MIN(Config!$B$21+(30-1)*Config!$B$22,Config!$B$23) | C34: =B34*Config!$B$25 | D34: =B34*ROUND(Enemies!$B$10*Enemies!$B$11^(30-1),0) | E34: =E33+D34
A37: Not: D/E sutunlari BasicEnemy referansli; gercekte Bomber + multi-kill + quest XP'si de var (asagi bak).

Sheet Abilities
A1: ABILITIES
A2: effectiveCooldown = Cooldown / (1 + abilityCDLevelFactor * playerLevel)
A4: Ability | B4: Input | C4: Type | D4: Base CD (s) | E4: Value | F4: Duration (s) | G4: Eff.CD @Lv1 | H4: Eff.CD @Lv5 | I4: Eff.CD @Lv10 | J4: Eff.CD @Lv20 | K4: Notes
A5: Dash | B5: Q | C5: Dash | D5: 1 | E5: 15 | F5: 0 | G5: =D5/(1+Config!$B$30*1) | H5: =D5/(1+Config!$B$30*5) | I5: =D5/(1+Config!$B$30*10) | J5: =D5/(1+Config!$B$30*20) | K5: Ileri atilma mesafesi/kuvveti = Value
A6: Shield | B6: UI slot click | C6: Shield | D6: 8 | E6: 20 | F6: 3 | G6: =D6/(1+Config!$B$30*1) | H6: =D6/(1+Config!$B$30*5) | I6: =D6/(1+Config!$B$30*10) | J6: =D6/(1+Config!$B$30*20) | K6: Value = +Defense (sure boyunca)
A7: AoE | B7: UI slot click | C7: AoE | D7: 10 | E7: 10 | F7: 3 | G7: =D7/(1+Config!$B$30*1) | H7: =D7/(1+Config!$B$30*5) | I7: =D7/(1+Config!$B$30*10) | J7: =D7/(1+Config!$B$30*20) | K7: Value = yaricap. Hasar = playerDamage*2
A8: Heal | B8: UI slot click | C8: Heal | D8: 12 | E8: 30 | F8: 0 | G8: =D8/(1+Config!$B$30*1) | H8: =D8/(1+Config!$B$30*5) | I8: =D8/(1+Config!$B$30*10) | J8: =D8/(1+Config!$B$30*20) | K8: Value = iyilesme miktari

Sheet Economy & Meta
A1: ECONOMY, QUESTS, ACHIEVEMENTS, SAVE DATA
A3: QUESTS (QuestSO)
A4: Quest | B4: Requirement | C4: XP Reward | D4: Note
A5: Collect 5 diamond | B5: 5 diamonds | C5: 30
A6: 10 Kill The Enemy | B6: 10 kills | C6: 50
A7: Kill 5 Without Damage | B7: 5 kills, no dmg taken | C7: 100
A8: Chain Killer | B8: 3 multi-kills (Double+) | C8: 60
A9: Survive 60 Seconds | B9: 60s alive | C9: 80
A11: ACHIEVEMENTS (AchievementSO) — kalici, PlayerPrefs 'Achv_<name>'
A12: Achievement | B12: Tracked key | C12: Required | D12: Note
A13: FIRST KILL! | B13: EnemiesKilled | C13: 1
A14: WARRIOR! | B14: EnemiesKilled | C14: 10
A16: MULTI-KILL BONUS XP (MultiKillUI, comboWindow=3s)
A17: Combo | B17: Label | C17: Bonus XP
A18: 2 | B18: DOUBLE KILL! | C18: 10
A19: 3 | B19: TRIPLE KILL! | C19: 20
A20: 4 | B20: QUADRA KILL! | C20: 35
A21: 5+ | B21: PENTA KILL! | C21: 50
A23: SAVE DATA (SaveSystem.cs — PlayerPrefs, kalici)
A24: Key | B24: Ne tutar | C24: Ne zaman yazilir | D24: Ne zaman kullanilir
A25: BestWave | B25: En yuksek ulasilan dalga | C25: Olunce (yeni rekorsa) | D25: Yeni run bu dalgadan baslar
A26: BestPlayerLevel | B26: En yuksek oyuncu seviyesi (dalgadan BAGIMSIZ) | C26: Olunce (yeni rekorsa) | D26: Yeni run bu seviyeden baslar + stat catch-up
A27: BestKills / BestDiamonds | B27: Bir run'daki rekor | C27: Olunce | D27: Sadece gosterim
A28: TotalDiamonds | B28: TUM run'lar boyunca biriken elmas | C28: Her elmas toplandiginda | D28: Start Menu'de gosterilir (ileride magaza)
A29: Achv_<name> | B29: Acilan basarim | C29: Basarim acildiginda | D29: Awake'de geri yuklenir
A30: HowToPlayShown | B30: Nasil oynanir paneli 1 kez gosterildi mi | C30: Ilk gosterimde | D30: Bir daha hic gosterilmez

Sheet Balance Issues
A1: TESPIT EDILEN DENGE SORUNLARI & ONERILER
A2: Kullanicinin gozlemi: 'oyun cok cabuk level aliyor', 'enemyler arasi ayrim yok', 'player'in cani cok cabuk buyuyor'
A3: 1. GECIS UYGULANDI (2026-09-10): healthIncreasePerLevel 20->8 | xpMultiplier 1.15->1.3 | baseXPRequired 100->140 | enemy HP artik dalgayla x1.07 olcekleniyor (EnemyAI.Initialize). Test edip ince ayar yap.
A4: # | B4: Sorun | C4: Sebep (formul) | D4: Su anki degerle ornek | E4: Oneri
A5: 1 | B5: Player cani cok cabuk buyuyor | C5: SCharacterStats.HandleLevelUp: HER level-up'ta +healthIncreasePerLevel * yeniLevel HP. Level'le KATLANIR. Kumulatif Max HP = 100 + 20*(L*(L+1)/2 - 1). | D5: Lv5 -> Max HP 380 (3.8x taban). Lv10 -> 1180 (11.8x). Lv20 -> 4280 (42.8x). Her level-up ayrica cani FULL doldurur. | E5: healthIncreasePerLevel: 20 -> 6-8. VEYA HandleLevelUp'ta '* newLevel' carpanini kaldirip sabit artis yap. Player Progression sayfasindan yeni egriyi kontrol et.
A6: 2 | B6: Oyun cok cabuk level aliyor | C6: xpMultiplier onceki bir duzeltmede 1.5 -> 1.15'e dusuruldu (yuksek catch-up seviyesinde 'XP kazanmiyorum' sorunu icindi). Simdi erken leveller cok ucuz + her kill dalgayla artan XP veriyor. | D6: Lv1->2: 100 XP (~7 basic kill ~ 2 dalga). Lv5->6: 175 XP. XP & Levels sayfasi 'Kills to level' sutununa bak. | E6: Orta yol: xpMultiplier 1.15 -> 1.28-1.35 VE baseXPRequired 100 -> 130-150. Ikisini birlikte oyna, 'Kills to level' 8-15 arasi otursun.
A7: 3 | B7: Enemyler arasi ayrim yok / dusman zorlanmiyor | C7: SADECE 2 tip var. GERCEK can EnemyDataSO'dan degil PREFABTAN (Basic 100 / Bomber 160 - sadece 1.6x). ScaleHealth() KODDA HIC CAGRILMIYOR -> dusman cani DALGAYLA HIC BUYUMEZ. Sadece melee-hasar (1.06/dalga) ve XP (1.05/dalga) olceklenir. | D7: Player Lv10'da ~145 hasar + silah 15 base -> her dusmani (100-160 HP) 1-2 vurusla oldurur, dalga 30'da bile. Bomber ile Basic oynanista neredeyse ayni hissettirir. | E7: a) Dusman canini dalgayla olcekle (ScaleHealth'i EnemyAI'da uygula VEYA prefaba wave-carpani ekle) - ama COK dik olmasin (~1.06-1.10/dalga). b) 3.-4. tip ekle: hizli-zayif 'runner', menzilli 'archer', kalabalik 'swarm'. c) Bomber'i gercek tehdit yap (daha genis patlama, patlamadan once yaklasip 'fitil' animasyonu).
A8: 4 | B8: Catch-up stat bonusu cok sert | C8: EnemySpawner.Start -> ApplyCatchUpLevels(BestPlayerLevel): tek seferde +20*(L*(L+1)/2-1) HP. Yani #1'deki tum level-up artislarinin toplami aninda uygulanir. | D8: BestPlayerLevel=11 -> yeni run basinda +1300 HP, +162 hasar. Zaten cok yuksek taban. | E8: Once #1'i cöz (healthIncreasePerLevel kucult) - catch-up otomatik makullesir. Istersen catch-up carpani ekle: bonus'u * 0.5-0.7 ile uygula.
A9: 5 | B9: (Bilgi) Kullanilmayan / olu config | C9: EnemyDataSO.BaseHealth (50/160) ve HealthScalePerWave (1.44) hicbir kod tarafindan okunmuyor. WeaponData.asset ile PistolWeapon.asset ayni (ikisi de kullaniliyor mu belirsiz). | D9: Yanlis izlenim veriyor - 'HealthScalePerWave 1.44' cok dik gorunuyor ama zaten etkisiz. | E9: Ya ScaleHealth'i baglayip bu alanlari canlandir, ya da EnemyDataSO'dan bu 2 alani sil (kafa karistirmasin).
